{
    "navigationBarTitleText": "个人中心",
    "navigationBarBackgroundColor": "#FFF",
    "enablePullDownRefresh": true,
    "usingComponents": {
        "vm-progress": "./progress/index",
        "member-center": "./../components/index",
        "account-wx-login": "./../../../components/account/wx-login/index",
        "van-toast": "./../../../vant-weapp/dist/toast/index",
        "authorize": "./../../../common/components/authorize/index",
        "theme-view": "./../../../common/components/theme-view/index",
        "form-view": "./../../../common/components/form-view/index",
        "showcase-search": "./../../../components/showcase/search/index",
        "van-tabs": "./../../../vant-weapp/dist/tabs/index",
        "van-tab": "./../../../vant-weapp/dist/tab/index",
        "showcase-container": "./../../../components/showcase-container/index",
        "floating-nav": "./../../../components/showcase/components/floating-nav/index",
        "feature-sku": "./../../../components/feature-sku/index",
        "van-notify": "./../../../vant-weapp/dist/notify/index",
        "page-container": "./../../common/page-container/index"
    }
}