{
    "component": true,
    "usingComponents": {
        "showcase-goods": "./../showcase/goods/index",
        "showcase-link": "./../showcase/link/index",
        "showcase-coupon": "./../showcase/coupon/index",
        "showcase-cube": "./../showcase/cube/index",
        "showcase-line": "./../showcase/line/index",
        "showcase-notice": "./../showcase/notice/index",
        "showcase-points-goods": "./../showcase/points-goods/index",
        "showcase-rich-text": "./../showcase/rich-text/index",
        "showcase-contact-us": "./../showcase/contact-us/index",
        "showcase-present-gift": "./../showcase/present-gift/index",
        "showcase-store": "./../showcase/store/index",
        "showcase-title-text": "./../showcase/title-text/index",
        "showcase-title": "./../showcase/title/index",
        "showcase-text": "./../showcase/text/index",
        "showcase-image": "./../showcase/image/index",
        "showcase-video-plugin": "./../showcase/video-plugin/index",
        "showcase-white": "./../showcase/white/index",
        "showcase-search": "./../showcase/search/index",
        "showcase-feature-video-search": "./../showcase/feature-video-search/index",
        "showcase-goods-new": "./../../@youzan/captain-weapp/dist/packages/showcase/components/new-goods/index",
        "showcase-tag-list-left": "./../showcase/tag-list-left/index",
        "showcase-tag-list-top": "./../showcase/tag-list-top/index",
        "showcase-ump-seckill": "./../showcase/ump-seckill/index",
        "showcase-time-limitbargain": "./../showcase/ump-bargain/index",
        "showcase-offline-shop-info": "./../showcase/offline-shop-info/index",
        "showcase-storeinfo": "./../showcase/storeinfo/index",
        "showcase-note-card": "./../showcase/note-card/index",
        "showcase-oriented-poster": "./../showcase/oriented-poster/index",
        "showcase-feature-video": "./../showcase/feature-video/index",
        "showcase-rishiji-ump": "./../showcase/rishiji-ump/index",
        "showcase-unicashier": "./../showcase/unicashier/index",
        "showcase-goods-recommend": "./../showcase/goods-recommend/index",
        "showcase-social-fans": "./../showcase/social-fans/index",
        "sc-double-eleven": "./../showcase/double-eleven/index",
        "showcase-audio": "./../showcase/audio/index",
        "sc-category": "./../showcase/category/index",
        "showcase-content": "./../showcase/content/index",
        "showcase-column": "./../showcase/column/index",
        "showcase-live": "./../showcase/live/index",
        "showcase-member": "./../showcase/member/index",
        "showcase-punch": "./../showcase/punch/index",
        "showcase-ump-groupon": "./../showcase/ump-groupon/index",
        "showcase-ump-timelimited-discount": "./../showcase/ump-timelimited-discount/index",
        "showcase-guang-live": "./../showcase/guang-live/index",
        "van-loading": "./../../vant-weapp/dist/loading/index"
    }
}