{
    "enablePullDownRefresh": true,
    "usingComponents": {
        "showcase-search": "./../../../components/showcase/search/index",
        "van-tabs": "./../../../vant-weapp/dist/tabs/index",
        "van-tab": "./../../../vant-weapp/dist/tab/index",
        "showcase-container": "./../../../components/showcase-container/index",
        "floating-nav": "./../../../components/showcase/components/floating-nav/index",
        "feature-sku": "./../../../components/feature-sku/index",
        "salesman-icon": "./../../../components/showcase/components/salesman-icon/index",
        "van-toast": "./../../../vant-weapp/dist/toast/index",
        "van-notify": "./../../../vant-weapp/dist/notify/index",
        "page-container": "./../../common/page-container/index"
    }
}