{
    "component": true,
    "usingComponents": {
        "van-popup": "./../../../vant-weapp/dist/popup/index",
        "price-calendar": "./price-calendar/index"
    },
    "componentGenerics": {
        "sku-header": {
            "default": "./sku-header/index"
        },
        "sku-header-price": true,
        "sku-row": {
            "default": "./sku-row/index"
        },
        "sku-row-item": {
            "default": "./sku-row-item/index"
        },
        "sku-stepper": {
            "default": "./sku-stepper/index"
        },
        "sku-group-extra": true,
        "sku-messages": {
            "default": "./sku-messages/index"
        },
        "sku-actions": {
            "default": "./sku-actions/index"
        }
    },
    "__warning__": "无效的 pageJSON(common/components/base-sku/index)[\"componentGenerics\"]"
}