{
    "navigationBarTitleText": "首页",
    "navigationBarBackgroundColor": "#FFFFFF",
    "navigationBarTextStyle": "black",
    "enablePullDownRefresh": true,
    "usingComponents": {
        "collect-tip": "./../../../components/collect-tip/index",
        "showcase-search": "./../../../components/showcase/search/index",
        "van-tabs": "./../../../vant-weapp/dist/tabs/index",
        "van-tab": "./../../../vant-weapp/dist/tab/index",
        "showcase-container": "./../../../components/showcase-container/index",
        "floating-nav": "./../../../components/showcase/components/floating-nav/index",
        "feature-sku": "./../../../components/feature-sku/index",
        "salesman-icon": "./../../../components/showcase/components/salesman-icon/index",
        "van-toast": "./../../../vant-weapp/dist/toast/index",
        "van-notify": "./../../../vant-weapp/dist/notify/index",
        "van-popup": "./../../../vant-weapp/dist/popup/index",
        "form-view": "./../../../common/components/form-view/index",
        "page-container": "./../../common/page-container/index",
        "collect-gift": "./../../../components/ump/collect-gift/entry-in-homepage/index",
        "sign-popup": "./../../../components/sign-popup/index",
        "van-button": "./../../../vant-weapp/dist/button/index"
    }
}