{
    "component": true,
    "usingComponents": {
        "more-button": "./components/more-button/index"
    },
    "componentGenerics": {
        "goods-item-image": {
            "default": "./components/goods-item-image/index"
        },
        "goods-item-corner-mark": {
            "default": "./components/goods-item-corner-mark/index"
        },
        "goods-item-title": {
            "default": "./components/goods-item-title/index"
        },
        "goods-item-price": true,
        "goods-item-expand": true,
        "goods-item-tag-info": true
    },
    "__warning__": "无效的 pageJSON(components/showcase/captain-components/goods-layout/index)[\"componentGenerics\"]"
}