{
    "navigationBarTitleText": "购物车",
    "usingComponents": {
        "page-container": "./../../common/page-container/index",
        "van-dialog": "./../../../vant-weapp/dist/dialog/index",
        "van-toast": "./../../../vant-weapp/dist/toast/index",
        "shopping-list": "./../../../components/shopping-list/index",
        "valid-block": "./../../../components/cart/valid-block/index",
        "invalid-block": "./../../../components/cart/invalid-block/index",
        "submit-block": "./../../../components/cart/submit-block/index",
        "empty-block": "./../../../components/cart/empty-block/index",
        "separate-buy-popup": "./../../../components/cart/separate-buy-popup/index",
        "recommend-goods": "./../../../components/recommend-goods/index"
    },
    "enablePullDownRefresh": true
}